City_ID,City,Lat,Lng,Max Temp,Humidity,Cloudiness,Wind Speed,Country,Date
0,waitangi,-43.9535,-176.5597,15.1,88,100,15.22,NZ,1747521044
1,port elizabeth,-33.918,25.5701,19.62,99,71,1.34,ZA,1747521045
2,kolin,50.0281,15.2006,7.91,87,100,3.13,CZ,1747521046
3,mbandjok,4.45,11.9,21.03,98,100,0.42,CM,1747521047
4,fereydun kenar,36.6864,52.5225,17.28,83,0,3.75,IR,1747521048
5,codrington,-38.2667,141.9667,11.28,47,91,5.91,AU,1747521049
6,kyzyl-kyya,40.2568,72.1279,20.41,55,96,2.6,KG,1747521050
7,taoudenni,22.6783,-3.9836,32.48,10,59,5.43,ML,1747521051
8,quiindy,-25.9667,-57.2667,24.38,66,100,2.81,PY,1747521052
9,ciudad lazaro cardenas,17.9583,-102.2,29.14,58,11,3.9,MX,1747521053
10,udachny,66.4167,112.4,-1.81,87,94,3.11,RU,1747521056
11,ad dabbah,18.05,30.95,32.74,9,1,3.06,SD,1747521057
12,jimo,36.3897,120.4622,16.85,33,100,2.62,CN,1747521058
13,tiksi,71.6872,128.8694,-6.72,95,95,1.99,RU,1747520898
14,puerto natales,-51.7236,-72.4875,0.75,87,98,2.1,CL,1747521060
15,talnakh,69.4865,88.3972,-2.51,84,11,4.3,RU,1747520862
16,cidreira,-30.1811,-50.2056,22.37,82,100,5.24,BR,1747521063
17,port-aux-francais,-49.35,70.2167,4.24,73,100,14.6,TF,1747520995
18,anadyr,64.75,177.4833,1.67,92,100,2.68,RU,1747521065
19,bredasdorp,-34.5322,20.0403,16.22,82,96,1.97,ZA,1747521066
20,ushuaia,-54.8,-68.3,-1.59,94,73,1.59,AR,1747521067
21,valparaiso,-33.0393,-71.6273,16.19,85,100,2.03,CL,1747521018
22,bhamo,24.2667,97.2333,22.26,99,98,0.48,MM,1747521070
23,bilibino,68.0546,166.4372,-2.37,72,48,3.14,RU,1747521071
24,fale old settlement,-9.3852,-171.2468,28.85,76,74,5.96,TK,1747521072
25,tura,25.5198,90.2201,21.78,99,100,3.23,IN,1747520990
26,saldanha,-33.0117,17.9442,16.8,71,99,3.79,ZA,1747521074
27,rio branco,-9.9747,-67.81,24.63,85,66,1.74,BR,1747521036
28,minas de marcona,-15.2119,-75.1103,14.68,87,65,6.69,PE,1747521076
29,west island,-12.1568,96.8225,27.78,83,89,6.1,CC,1747521077
30,orchard homes,46.8633,-114.0484,19.99,43,94,2.68,US,1747521078
31,ribeira grande,38.5167,-28.7,17.65,92,77,2.24,PT,1747521080
32,aykhal,66.0,111.5,-3.16,90,94,2.18,RU,1747521081
33,jamestown,42.097,-79.2353,13.34,77,90,4.92,US,1747521029
34,iqaluit,63.7506,-68.5145,-4.61,85,100,4.47,CA,1747521013
35,college,64.8569,-147.8028,15.65,31,6,1.79,US,1747521084
36,raton,36.9034,-104.4391,21.01,15,92,4.25,US,1747521085
37,ilulissat,69.2167,-51.1,-0.49,95,55,1.89,GL,1747521086
38,senanga,-16.1167,23.2667,16.35,57,5,2.43,ZM,1747521088
39,edinburgh of the seven seas,-37.0676,-12.3116,12.7,67,80,6.29,SH,1747520969
40,kone,-21.0595,164.8658,28.09,56,40,3.97,NC,1747521090
41,blackmans bay,-43.0167,147.3167,2.63,89,8,0.89,AU,1747521091
42,longyearbyen,78.2186,15.6401,-4.0,79,84,2.28,SJ,1747521006
43,rahimah,26.7079,50.0619,27.93,34,0,8.09,SA,1747521093
44,daru,-9.0763,143.2092,26.92,86,100,3.01,PG,1747521094
45,albany,42.6001,-73.9662,22.01,65,49,3.58,US,1747520971
46,afaahiti,-17.75,-149.2833,25.95,77,100,3.04,PF,1747521098
47,chernyshevskiy,63.0128,112.4714,0.87,72,41,1.65,RU,1747521100
48,leiyang,26.4024,112.8591,23.5,97,100,0.98,CN,1747521101
49,mili,6.0815,171.735,27.78,81,100,8.7,MH,1747521102
50,rongelap,11.1635,166.8941,27.47,78,68,7.07,MH,1747521104
51,sinabang,2.4803,96.3801,26.2,86,5,2.04,ID,1747521105
52,susuman,62.7833,148.1667,1.79,63,23,2.05,RU,1747521106
53,utrik,11.2278,169.8474,27.28,80,93,7.44,MH,1747521107
54,pariaman,-0.619,100.12,25.76,83,87,1.79,ID,1747521108
55,siliana,36.085,9.3708,15.79,74,2,2.47,TN,1747521109
56,iskateley,67.6803,53.1512,-3.04,86,63,4.64,RU,1747521110
57,badger,64.8,-147.5333,15.56,26,4,0.45,US,1747521111
58,spring creek,40.7266,-115.5859,7.12,87,100,4.27,US,1747521113
59,stanley,54.868,-1.6985,8.46,87,34,3.96,GB,1747521114
60,hithadhoo,-0.6,73.0833,28.63,76,100,6.01,MV,1747521115
61,murzuq,25.9155,13.9184,29.84,19,100,4.7,LY,1747520882
62,taihecun,45.8,130.85,10.63,58,20,6.53,CN,1747521117
63,nemuro,43.3236,145.575,7.72,100,100,5.19,JP,1747521118
64,bethel,41.3712,-73.414,25.08,74,74,0.89,US,1747521119
65,yigo village,13.5361,144.8886,28.74,83,24,7.16,GU,1747521120
66,invercargill,-46.4,168.35,8.34,84,99,1.79,NZ,1747521072
67,rockport,28.0206,-97.0544,29.45,84,34,8.45,US,1747521122
68,kodiak,57.79,-152.4072,7.21,87,100,2.04,US,1747521123
69,saint-joseph,-21.3667,55.6167,23.25,72,21,4.68,RE,1747521124
70,victorica,-36.2151,-65.4359,14.63,25,40,12.22,AR,1747521126
71,adamstown,-25.066,-130.1015,24.06,72,12,2.32,PN,1747521127
72,traversetolo,44.6422,10.3772,13.52,71,7,3.91,IT,1747521128
73,keflavik,64.0049,-22.5624,10.33,75,0,6.0,IS,1747521129
74,byron bay,-28.65,153.6167,18.02,90,45,4.67,AU,1747521130
75,yellowknife,62.456,-114.3525,14.67,49,98,8.05,CA,1747520930
76,bugana,7.9992,7.5836,25.0,83,52,1.08,NG,1747521133
77,jiuquan,39.7432,98.5174,19.52,21,2,2.66,CN,1747521134
78,prince rupert,54.3161,-130.3201,8.75,87,99,2.58,CA,1747520982
79,bakal,54.9417,58.8083,4.4,91,46,1.23,RU,1747521136
80,gamboma,-1.8764,15.8644,23.53,90,96,1.65,CG,1747521138
81,papatowai,-46.5619,169.4708,8.25,81,94,6.48,NZ,1747521139
82,nantucket,41.2835,-70.0995,13.41,95,100,7.85,US,1747521141
83,esikhaleni,-28.871,31.8996,20.0,60,20,2.25,ZA,1747521142
84,wailua homesteads,22.0669,-159.378,25.63,83,48,1.79,US,1747521143
85,whitehorse,60.7161,-135.0538,12.28,41,100,3.58,CA,1747521144
86,ozernyy,55.5802,32.4127,10.22,98,100,2.66,RU,1747521145
87,enoch,37.7733,-113.0244,18.41,29,100,4.92,US,1747520987
88,ust-nera,64.5667,143.2,2.72,62,13,2.58,RU,1747521148
89,avarua,-21.2078,-159.775,24.6,81,40,5.51,CK,1747521017
90,inari,68.906,27.0288,-1.17,95,45,1.04,FI,1747520915
91,fochville,-26.4886,27.4939,13.24,46,50,0.69,ZA,1747521151
92,remire-montjoly,4.9167,-52.2667,24.97,91,100,4.06,GF,1747521152
93,sisimiut,66.9395,-53.6735,2.97,93,94,1.04,GL,1747521153
94,hamilton,39.1834,-84.5333,19.4,59,97,4.94,US,1747521154
95,ancud,-41.8697,-73.8203,7.85,71,63,7.0,CL,1747521155
96,olonkinbyen,70.9221,-8.7187,2.14,88,82,9.59,SJ,1747521156
97,turaif,31.6725,38.6637,27.56,16,71,3.52,SA,1747521157
98,rikaze,29.25,88.8833,6.28,78,100,2.4,CN,1747521158
99,east london,-33.0153,27.9116,20.16,84,96,1.24,ZA,1747521159
100,happy valley-goose bay,53.3168,-60.3315,4.59,71,88,1.38,CA,1747521010
101,greymouth,-42.4667,171.2,13.58,84,99,5.42,NZ,1747521162
102,savanna-la-mar,18.219,-78.1332,29.96,80,45,1.65,JM,1747521163
103,liphook,51.0772,-0.8032,11.14,79,0,1.86,GB,1747521164
104,vorkuta,67.5,64.0,-6.62,96,94,3.99,RU,1747521165
105,nkhotakota,-12.9274,34.2961,21.02,77,57,2.45,MW,1747521166
106,shitanjing,39.2342,106.3439,13.98,21,5,2.47,CN,1747521167
107,bhilwara,25.35,74.6333,31.05,49,1,4.77,IN,1747521170
108,sao gabriel da cachoeira,-0.1303,-67.0892,23.09,99,99,1.37,BR,1747521171
109,tamandare,-8.7597,-35.1047,24.9,89,74,5.28,BR,1747521172
110,okhotsk,59.3833,143.3,5.08,74,99,5.86,RU,1747521173
111,aasiaat,68.7098,-52.8699,0.02,94,98,0.74,GL,1747521174
112,quellon,-43.1167,-73.6167,6.81,70,44,6.3,CL,1747520920
113,callao,-12.0667,-77.15,19.52,87,79,5.26,PE,1747520954
114,boende,-0.2167,20.8667,23.34,87,90,1.15,CD,1747521177
115,brookings,44.3114,-96.7984,12.32,54,2,2.68,US,1747520972
116,pakruojis,55.9667,23.8667,8.48,99,100,1.33,LT,1747521179
117,port alfred,-33.5906,26.891,20.74,83,93,4.12,ZA,1747521180
118,georgetown,5.4112,100.3354,27.75,100,100,0.45,MY,1747521181
119,papao,-17.75,-149.55,29.81,74,100,3.15,PF,1747521182
120,qaqortoq,60.7167,-46.0333,4.54,86,82,1.17,GL,1747521183
121,pangody,65.85,74.4859,-0.53,95,100,4.9,RU,1747521123
122,dwarka,22.2394,68.9678,28.38,77,91,5.35,IN,1747521185
123,sitka,57.0531,-135.33,9.02,78,99,2.47,US,1747521186
124,saipan,15.1355,145.701,29.8,77,13,4.47,MP,1747521188
125,salinas,36.6777,-121.6555,17.13,83,93,4.47,US,1747521091
126,carnarvon,-24.8667,113.6333,19.46,36,0,6.37,AU,1747521190
127,dudinka,69.4058,86.1778,1.51,79,33,6.36,RU,1747521123
128,chandler,33.3062,-111.8412,34.92,10,32,3.13,US,1747520964
129,pangai,-19.8,-174.35,25.12,75,12,8.48,TO,1747521194
130,inhambane,-23.865,35.3833,21.87,86,4,0.87,MZ,1747521195
131,nagqu,31.5,92.0,1.8,54,100,4.04,CN,1747521139
132,chonchi,-42.6128,-73.8092,5.62,80,62,3.0,CL,1747521198
133,xilin hot,43.9667,116.0333,6.01,29,26,4.19,CN,1747521199
134,thompson,55.7435,-97.8558,7.38,38,96,3.16,CA,1747521055
135,grytviken,-54.2811,-36.5092,-1.01,81,39,1.91,GS,1747521202
136,trincomalee,8.5711,81.2335,26.86,85,96,7.22,LK,1747521203
137,kandahar,31.0,65.75,24.61,13,0,4.71,AF,1747521204
138,diapaga,12.0708,1.7889,29.69,53,80,2.33,BF,1747521205
139,puerto quijarro,-17.7833,-57.7667,25.8,44,1,1.21,BO,1747521206
140,semey,50.4111,80.2275,23.25,29,37,1.86,KZ,1747521207
141,pierre,44.3683,-100.351,16.27,51,6,3.13,US,1747521208
142,enewetak,11.3474,162.3373,27.83,78,85,6.64,MH,1747521209
143,broome,42.2506,-75.833,17.47,90,69,4.02,US,1747520995
144,al hufuf,25.3646,49.5653,26.84,12,0,5.94,SA,1747521212
145,alofi,-19.0595,-169.9187,25.03,78,99,7.75,NU,1747521213
146,kudymkar,59.0173,54.656,7.81,77,48,1.36,RU,1747521214
147,caxias,38.7031,-9.2767,18.6,79,4,1.34,PT,1747521215
148,mildura,-34.2,142.15,9.08,63,1,7.2,AU,1747521216
149,skelleftea,64.7507,20.9528,5.59,79,2,2.97,SE,1747521217
150,grajau,-5.8194,-46.1386,24.75,67,86,1.58,BR,1747521218
151,vernon,50.2581,-119.2691,16.63,54,99,2.24,CA,1747521219
152,petropavlovsk-kamchatsky,53.0452,158.6483,8.27,62,37,4.7,RU,1747521147
153,qianzhou,28.3167,109.7167,20.26,88,100,1.66,CN,1747521222
154,nha trang,12.25,109.1833,25.66,82,85,1.8,VN,1747521223
155,baiyin,36.5583,104.2081,15.92,39,5,2.87,CN,1747521224
156,siesta key,27.302,-82.5515,30.63,58,33,3.58,US,1747521225
157,vilyuchinsk,52.9306,158.4028,8.06,67,47,3.72,RU,1747521226
158,tazovsky,67.4667,78.7,0.55,99,100,2.3,RU,1747521123
159,kasongo-lunda,-6.4667,16.8167,22.78,80,60,1.02,CD,1747521228
160,chibougamau,49.9168,-74.3659,14.53,88,100,3.76,CA,1747521229
161,faya-largeau,17.9257,19.1043,33.64,12,1,5.33,TD,1747521230
162,margate,51.3813,1.3862,9.83,86,0,4.71,GB,1747520979
163,yuzhno-kurilsk,44.0306,145.8556,7.55,99,100,3.22,RU,1747521232
164,touros,-5.1989,-35.4608,25.08,87,98,5.88,BR,1747521234
165,petukhovo,55.0692,67.9019,9.61,77,99,4.73,RU,1747521235
166,kourou,5.1552,-52.6478,23.83,96,100,2.55,GF,1747521236
167,vorgashor,67.5833,63.95,-6.55,96,95,4.26,RU,1747521237
168,uturoa,-16.7333,-151.4333,27.31,77,100,4.65,PF,1747521238
169,placido de castro,-10.3353,-67.1856,26.55,76,91,1.43,BR,1747521241
170,road town,18.4167,-64.6167,24.93,80,100,7.03,VG,1747521242
171,labytnangi,66.6572,66.4183,-3.77,86,100,3.82,RU,1747521243
172,la sarre,48.8002,-79.1996,13.06,92,100,9.03,CA,1747521061
173,zouerate,22.7187,-12.4521,26.27,25,100,5.09,MR,1747521245
174,margaret river,-33.95,115.0667,13.65,73,0,4.01,AU,1747521246
175,luganville,-15.5333,167.1667,27.82,83,71,4.78,VU,1747521247
176,les cayes,18.2,-73.75,27.43,73,59,1.82,HT,1747521248
177,kerema,-7.9631,145.7785,27.03,86,69,3.0,PG,1747521249
178,ugoofaaru,5.6667,73.0,28.87,76,100,7.19,MV,1747521250
179,gaspe,48.8334,-64.4819,7.11,71,100,2.25,CA,1747521251
180,itapaci,-14.9508,-49.5494,24.15,54,48,3.12,BR,1747521253
181,punta arenas,-53.15,-70.9167,0.62,74,56,3.95,CL,1747521254
182,puerto ayora,-0.7393,-90.3518,25.11,81,65,3.43,EC,1747521255
183,praia da vitoria,38.7333,-27.0667,14.97,88,70,2.67,PT,1747521256
184,howrah,22.5892,88.3103,29.03,79,1,3.99,IN,1747521257
185,isla mujeres,21.2311,-86.731,30.09,75,0,5.2,MX,1747521258
186,agat village,13.3886,144.6585,29.64,84,13,1.34,GU,1747521259
187,labrador city,52.9463,-66.9114,4.06,96,100,3.29,CA,1747521260
188,xai-xai,-25.0519,33.6442,20.19,91,0,2.54,MZ,1747521261
189,al ghayzah,16.2079,52.176,26.82,83,20,1.48,YE,1747521262
190,polyarnyy,69.1989,33.4478,1.7,79,86,6.19,RU,1747521142
191,buala,-8.145,159.5921,28.97,76,89,0.46,SB,1747521264
192,mugia,43.1041,-9.2179,16.06,70,69,2.24,ES,1747521266
193,taroa,8.7058,171.2275,27.85,79,58,7.95,MH,1747521267
194,constantia,44.1833,28.65,8.17,93,53,4.41,RO,1747521268
195,plunge,55.9114,21.8442,7.25,96,97,2.58,LT,1747521269
196,mil'kovo,55.6078,37.7956,15.75,57,100,5.35,RU,1747521270
197,lebu,-37.6167,-73.65,10.76,67,28,2.26,CL,1747521271
198,selfoss,63.9331,-20.9971,12.25,75,0,1.03,IS,1747521272
199,arraial do cabo,-22.9661,-42.0278,23.98,77,0,9.75,BR,1747521249
200,ola,59.5833,151.2833,6.11,45,9,5.16,RU,1747521183
201,luderitz,-26.6481,15.1594,20.77,53,30,0.68,NA,1747521276
202,banjarmasin,-3.3244,114.591,23.77,98,100,1.16,ID,1747520996
203,vila franca do campo,37.7167,-25.4333,18.27,7,55,1.42,PT,1747521278
204,olyokminsk,60.3736,120.4264,3.02,75,100,3.9,RU,1747521279
205,kidal,18.4411,1.4078,33.99,17,13,4.81,ML,1747521280
206,shimoda,34.6667,138.95,21.49,97,100,7.8,JP,1747521281
207,ilhabela,-23.7781,-45.3581,20.62,84,30,2.14,BR,1747521043
208,port mathurin,-19.6833,63.4167,25.48,72,20,11.31,MU,1747521283
209,price,39.5994,-110.8107,18.25,34,96,7.83,US,1747521213
210,palmer,42.1584,-72.3287,24.39,77,23,2.3,US,1747521163
211,tadine,-21.55,167.8833,25.67,76,41,5.0,NC,1747521286
212,krasnyy yar,46.5331,48.3456,15.21,58,74,2.69,RU,1747521287
213,midvagur,62.0511,-7.1939,7.0,93,44,1.48,FO,1747521288
214,corner brook,48.9667,-57.9484,7.99,61,46,0.96,CA,1747521289
215,sur,22.5667,59.5289,29.45,64,0,1.58,OM,1747521290
216,alotau,-10.3069,150.4462,28.9,76,54,0.87,PG,1747521291
217,gulf shores,30.246,-87.7008,30.24,70,11,4.9,US,1747521293
218,prado,-17.3411,-39.2208,22.65,87,54,4.28,BR,1747521294
219,dongcun,36.7767,121.1597,14.91,44,100,2.16,CN,1747521295
220,penarroya-pueblonuevo,38.3,-5.2667,15.4,45,1,2.42,ES,1747521296
221,klyuchi,52.2667,79.1667,17.91,72,96,5.47,RU,1747521297
222,drezdenko,52.8383,15.8308,7.34,87,77,5.86,PL,1747521298
223,kijang,35.2442,129.2139,16.73,83,100,0.83,KR,1747521300
224,hawaiian paradise park,19.5933,-154.9731,23.74,93,30,0.45,US,1747521301
225,tromso,69.6496,18.957,2.97,83,9,0.32,NO,1747521302
226,itoman,26.1247,127.6694,28.38,86,70,4.6,JP,1747521303
227,kalmunai,7.4167,81.8167,26.64,81,100,1.18,LK,1747521304
228,juba,4.8517,31.5825,22.0,82,78,1.24,SS,1747521305
229,erdenet,49.0333,104.0833,3.8,52,100,1.2,MN,1747520975
230,saint-jean-de-luz,43.3891,-1.6581,14.95,85,51,2.16,FR,1747521308
231,caconda,-13.7333,15.0667,15.73,68,70,1.69,AO,1747521309
232,mount isa,-20.7333,139.5,17.18,40,0,9.43,AU,1747521310
233,ruidoso,33.3317,-105.673,21.69,12,11,12.59,US,1747521311
234,joao pinheiro,-17.7425,-46.1725,22.84,47,58,3.77,BR,1747521132
235,coalville,52.7167,-1.3667,10.15,81,0,2.05,GB,1747521314
236,cabo san lucas,22.8909,-109.9124,25.55,48,8,7.54,MX,1747521315
237,isafjordur,66.0755,-23.124,11.64,62,0,1.59,IS,1747521316
238,puerto baquerizo moreno,-0.9,-89.6,24.83,84,29,3.7,EC,1747521318
239,worbis,51.4167,10.3667,10.19,92,98,4.74,DE,1747521319
240,cabedelo,-6.9811,-34.8339,26.14,79,82,6.18,BR,1747521221
241,lata,40.1629,-8.3327,12.49,81,34,0.8,PT,1747521322
242,tolanaro,-25.0319,46.9987,21.42,92,1,4.73,MG,1747521323
243,pacific grove,36.6177,-121.9166,16.05,90,98,4.02,US,1747521261
244,vigia,-0.8583,-48.1417,24.69,94,100,2.61,BR,1747521326
245,longquan,24.6719,102.1613,18.3,94,98,0.74,CN,1747521327
246,hami,42.8,93.45,24.73,20,6,3.63,CN,1747521328
247,pechora,65.1472,57.2244,-1.95,94,94,2.92,RU,1747521329
248,huarmey,-10.0681,-78.1522,20.72,83,62,4.64,PE,1747521330
249,yulinshi,38.2906,109.7494,14.31,19,2,2.1,CN,1747521331
250,mandimba,-14.3548,35.6515,18.41,90,87,1.14,MZ,1747521332
251,topeka,39.0483,-95.678,26.61,34,35,1.34,US,1747521293
252,fuglafjordur,62.244,-6.814,8.04,93,21,2.3,FO,1747521334
253,santo domingo,18.5001,-69.9886,26.04,78,78,2.09,DO,1747521029
254,pisco,-13.7,-76.2167,19.45,88,62,2.46,PE,1747521249
255,dabakala,8.3667,-4.4333,24.73,83,91,2.11,CI,1747521337
256,mount pearl,47.5166,-52.7813,5.74,65,3,0.45,CA,1747521338
257,tralee,52.2704,-9.7026,10.6,91,5,1.2,IE,1747521340
258,pimenta bueno,-11.6725,-61.1936,23.73,80,63,1.37,BR,1747521341
259,monrovia,6.3005,-10.7969,26.13,84,93,4.5,LR,1747521315
260,tutong,4.8,114.65,24.12,94,100,1.89,BN,1747521344
261,bel ombre,-4.6167,55.4167,28.0,78,45,3.58,SC,1747521346
262,novyy turtkul',41.55,61.0167,18.24,59,0,4.7,UZ,1747521348
263,zholymbet,51.7433,71.7122,13.95,95,100,6.34,KZ,1747521349
264,guercif,34.2257,-3.3536,21.98,39,85,6.1,MA,1747521350
265,krasnaya gora,52.9995,31.6023,10.51,99,100,2.1,RU,1747521352
266,zara,44.1197,15.2422,13.28,63,1,3.42,HR,1747521086
267,paramonga,-10.6667,-77.8333,20.03,85,75,4.09,PE,1747521354
268,st. john's,47.5649,-52.7093,6.2,66,3,1.34,CA,1747521355
269,kolonia town,6.964,158.206,28.89,82,100,1.79,FM,1747521356
270,saint-pierre,-21.3393,55.4781,23.84,73,11,3.48,RE,1747521113
271,atafu village,-8.5421,-172.5159,28.76,77,100,5.88,TK,1747521333
272,alaior,39.9303,4.1404,17.22,78,28,2.72,ES,1747521360
273,gazojak,41.1875,61.4036,18.09,59,0,4.88,TM,1747521361
274,chegdomyn,51.1167,133.0167,1.27,100,100,2.2,RU,1747521362
275,nguigmi,14.2495,13.1092,31.93,21,55,3.46,NE,1747521363
276,al kharijah,25.4514,30.5464,33.0,8,17,4.79,EG,1747521364
277,albu kamal,34.45,40.9186,28.88,17,3,1.82,SY,1747521366
278,hadibu,12.65,54.0333,28.47,78,36,1.4,YE,1747521367
279,darien,41.752,-87.974,18.7,53,100,5.74,US,1747521084
280,egilsstadir,65.2653,-14.3948,18.66,40,3,3.48,IS,1747521369
281,nar'yan-mar,67.6713,53.087,-3.02,86,71,4.65,RU,1747521183
282,port said,31.2565,32.2841,21.63,83,100,9.22,EG,1747521371
283,zhezqazghan,47.7833,67.7667,14.3,83,3,5.7,KZ,1747521373
284,sumbawa besar,-8.5,117.4333,22.77,93,86,1.7,ID,1747521374
285,launceston,-41.45,147.1667,4.95,72,0,0.93,AU,1747521375
286,padang,-0.9492,100.3543,26.24,82,76,2.13,ID,1747521376
287,danilov,58.1908,40.1717,12.77,83,94,1.3,RU,1747521377
288,nema,57.5067,50.5011,12.6,79,72,1.88,RU,1747521379
289,adam,22.3756,57.5233,30.05,23,20,3.39,OM,1747521380
290,storm lake,42.6411,-95.2097,18.14,39,14,5.65,US,1747521381
291,novovyazniki,56.1975,42.1711,11.19,87,98,1.27,RU,1747521382
292,san luis de la loma,17.2706,-100.8939,28.87,66,54,3.3,MX,1747521383
293,baiti,13.745,-14.7482,29.6,26,22,6.36,SN,1747521384
294,nova xavantina,-14.6667,-52.35,24.15,60,29,1.47,BR,1747521386
295,vila do maio,15.1333,-23.2167,21.97,76,77,7.6,CV,1747521387
296,edd,13.9297,41.6925,30.1,68,1,2.91,ER,1747521388
297,zapolyarnyy,69.4154,30.8136,0.64,79,98,2.63,RU,1747521389
298,ust'-ilimsk,58.0006,102.6619,3.6,70,5,1.36,RU,1747521390
299,portland,45.5234,-122.6762,17.01,71,100,1.34,US,1747521003
300,la ronge,55.1001,-105.2842,8.34,37,2,2.71,CA,1747521392
301,dhulikhel,27.6189,85.5529,16.61,76,93,0.61,NP,1747521393
302,hermanus,-34.4187,19.2345,18.22,74,76,3.05,ZA,1747521394
303,verkhnevilyuysk,63.4453,120.3167,2.69,86,100,2.02,RU,1747521395
304,khorixas,-20.3667,14.9667,24.68,33,73,1.16,NA,1747521396
305,dunedin,-45.8742,170.5036,9.89,83,99,5.36,NZ,1747521397
306,usinsk,65.9939,57.5281,-1.92,93,69,5.01,RU,1747521398
307,la'ie,21.6477,-157.9253,28.36,71,34,1.79,US,1747521399
308,hafar al-batin,28.4328,45.9708,25.93,15,0,5.22,SA,1747521400
309,chisec,15.8167,-90.2833,35.68,31,1,1.09,GT,1747521401
310,deqen,29.9618,90.7188,2.39,92,100,0.98,CN,1747521403
311,okha,53.5739,142.9478,1.95,89,100,10.67,RU,1747521404
312,sinop,41.7711,34.8709,12.23,96,59,1.08,TR,1747521405
313,yung shue wan,22.2333,114.1167,28.62,85,70,2.04,HK,1747521407
314,kafue,-15.7691,28.1814,14.42,82,0,1.53,ZM,1747521408
315,mutoko,-17.397,32.2268,13.47,78,2,0.92,ZW,1747521409
316,la passe,45.5549,-0.8967,11.15,81,0,4.7,FR,1747521410
317,huanta,-12.9333,-74.25,18.83,52,33,3.36,PE,1747521411
318,shantobe,52.4581,68.1839,12.01,71,100,7.12,KZ,1747521412
319,ar ruways,24.1103,52.7306,27.48,48,52,5.69,AE,1747521413
320,tsetserleg,47.475,101.4542,6.62,75,100,2.13,MN,1747520978
321,goundi,9.3627,17.366,26.53,69,92,3.5,TD,1747521415
322,broken hill,-31.95,141.4333,8.39,65,20,8.71,AU,1747521416
323,crane,31.3974,-102.3501,34.07,15,74,6.1,US,1747521418
324,jaisalmer,26.9147,70.9181,29.81,47,0,7.26,IN,1747521419
325,luanda,-8.8368,13.2343,24.63,90,2,3.13,AO,1747521269
326,el nido,11.1858,119.3956,26.75,88,100,0.89,PH,1747521421
327,pingzhuang,42.0372,119.2889,11.53,37,12,4.38,CN,1747521422
328,kolobrzeg,54.1757,15.5834,7.75,88,97,10.59,PL,1747521423
329,wermelskirchen,51.15,7.2167,10.06,85,5,1.51,DE,1747521424
330,dharchula,29.85,80.5333,13.75,51,8,2.67,IN,1747521425
331,tulun,54.5611,100.5792,5.51,53,100,1.25,RU,1747521426
332,walvis bay,-22.9575,14.5053,21.33,61,28,2.79,NA,1747521427
333,doctor juan leon mallorquin,-25.4,-55.2667,20.85,75,100,2.18,PY,1747521428
334,machico,32.7,-16.7667,15.97,74,49,5.04,PT,1747521429
335,kapa'a,22.0752,-159.319,26.93,81,49,2.24,US,1747521430
336,mantua,45.1667,10.7833,14.53,80,18,3.81,IT,1747521432
337,laojunmiao,39.8333,97.7333,17.21,22,4,5.59,CN,1747521434
338,chakari,-18.0629,29.8925,14.17,65,0,2.16,ZW,1747521435
339,iowa falls,42.5225,-93.2513,18.29,48,53,7.23,US,1747521436
340,oeiras do para,-2.0031,-49.8544,24.27,96,86,1.56,BR,1747521437
341,yarmouth,41.7057,-70.2286,17.88,86,100,1.34,US,1747521153
342,ponta delgada,37.7333,-25.6667,18.44,7,49,3.94,PT,1747521298
343,sandnessjoen,66.0217,12.6316,4.12,86,1,3.37,NO,1747521440
344,thunder bay,48.4001,-89.3168,5.1,89,100,5.18,CA,1747521362
345,alcaniz,41.05,-0.1333,16.84,68,100,2.1,ES,1747521442
346,san patricio,28.017,-97.5169,31.64,73,33,9.19,US,1747521443
347,akureyri,65.6835,-18.0878,18.49,47,0,1.17,IS,1747521444
348,cill airne,52.05,-9.5167,10.44,92,4,1.91,IE,1747521445
349,tateyama,34.9833,139.8667,21.61,93,92,10.63,JP,1747521446
350,severo-yeniseyskiy,60.3725,93.0408,3.33,79,99,1.4,RU,1747521449
351,cadale,2.7603,46.3222,26.78,84,98,5.88,SO,1747521450
352,alamosa,37.4695,-105.87,18.33,16,100,10.01,US,1747521452
353,torquay,50.4638,-3.5143,9.84,82,0,2.31,GB,1747521454
354,rawlins,41.7911,-107.2387,17.42,29,90,9.11,US,1747521455
355,colonia,50.9333,6.95,13.03,72,7,2.94,DE,1747521234
356,annan,54.9884,-3.2565,11.62,84,23,2.31,GB,1747521457
357,port augusta,-32.5,137.7667,10.75,57,2,4.13,AU,1747521458
358,mazara del vallo,37.6641,12.588,17.74,93,0,2.81,IT,1747521459
359,palikir - national government center,6.9248,158.1611,28.3,82,100,1.79,FM,1747521460
360,sorong,-0.8833,131.25,26.6,87,100,2.8,ID,1747521461
361,metlili chaamba,32.2667,3.6333,23.52,24,93,5.69,DZ,1747521463
362,chikmagalur,13.3167,75.7833,20.04,94,97,1.1,IN,1747521464
363,usogorsk,63.4106,48.6872,2.41,99,100,2.13,RU,1747521465
364,goslar,51.9043,10.4277,10.51,94,100,1.79,DE,1747521466
365,nova sintra,14.8667,-24.7167,22.47,76,75,8.92,CV,1747521467
366,sao joao da barra,-21.6403,-41.0511,23.94,77,0,5.45,BR,1747521468
367,lodwar,3.1191,35.5973,27.95,59,49,7.91,KE,1747521469
368,tazacorte,28.629,-17.9293,18.42,93,70,5.62,ES,1747521470
369,juan aldama,24.2908,-103.3944,32.04,11,62,2.97,MX,1747521471
370,ta`u,-14.2336,-169.5144,28.02,79,53,8.05,AS,1747521472
371,cam ranh,11.9214,109.1591,25.46,80,88,1.72,VN,1747521473
372,hovd,48.0056,91.6419,16.37,41,30,3.09,MN,1747521474
373,babu,24.4167,111.5167,23.41,99,100,2.06,CN,1747521475
374,svencionys,55.15,26.1667,6.89,97,100,1.36,LT,1747521476
375,kalabo,-14.97,22.6814,16.49,62,1,2.22,ZM,1747521477
376,taybad,34.74,60.7756,19.6,35,0,8.21,IR,1747521478
377,bonthe,7.5264,-12.505,26.74,86,100,2.27,SL,1747521480
378,benton,36.3334,-94.3335,28.1,44,69,2.68,US,1747521481
379,ambikapur,23.1167,83.2,25.55,66,35,2.83,IN,1747521482
380,baturaja,-4.1333,104.1667,24.0,99,100,1.01,ID,1747521483
381,baiersbronn,48.5,8.3833,9.0,75,0,0.55,DE,1747521484
382,new norfolk,-42.7826,147.0587,3.84,76,0,1.07,AU,1747521486
383,vidyayevo,69.3191,32.8049,0.66,83,90,3.93,RU,1747521487
384,blama,7.8736,-11.3433,23.95,97,97,1.05,SL,1747521488
385,kogalym,62.2654,74.4791,3.47,92,100,6.3,RU,1747521489
386,vilyuysk,63.7553,121.6247,3.36,87,100,1.88,RU,1747521492
387,woolgoolga,-30.1106,153.2007,16.13,80,26,6.83,AU,1747521493
388,thai nguyen,21.5928,105.8442,24.69,94,100,0.83,VN,1747521494
389,mrakovo,52.7161,56.6244,9.51,91,14,1.45,RU,1747521495
390,turabah,21.2141,41.6331,27.16,19,0,2.49,SA,1747521496
391,yelizovo,53.1873,158.3805,8.84,63,63,3.6,RU,1747521498
392,itupiranga,-5.1347,-49.3267,24.96,83,87,0.89,BR,1747521499
393,tame,6.461,-71.73,22.09,95,100,0.41,CO,1747521500
394,yangambi,0.8102,24.4336,22.38,89,95,0.6,CD,1747521501
395,harnai,30.1005,67.9374,27.5,25,0,1.19,PK,1747521503
396,west helena,34.5507,-90.6418,29.69,43,46,1.58,US,1747521504
397,london,51.5085,-0.1257,13.34,77,0,0.45,GB,1747521002
398,naze,28.3667,129.4833,24.07,90,95,3.88,JP,1747521506
399,tosontsengel,48.7567,98.2839,9.25,67,100,4.36,MN,1747521507
400,kingston,17.997,-76.7936,26.64,82,39,0.54,JM,1747521014
401,san juan de miraflores,-12.1629,-76.9635,22.37,79,84,4.02,PE,1747521509
402,formosa do rio preto,-11.0483,-45.1931,25.74,57,100,3.23,BR,1747521510
403,likiep,9.8251,169.3107,27.77,79,95,6.95,MH,1747521511
404,vadso,70.0744,29.7487,2.26,65,75,4.2,NO,1747521512
405,malango,-2.9627,119.9001,20.06,96,83,0.75,ID,1747521513
406,kalaleh,37.3807,55.4916,17.68,50,0,2.42,IR,1747521514
407,big stone gap,36.8677,-82.7745,23.85,47,8,6.69,US,1747521515
408,bac lieu,9.285,105.7244,28.43,78,100,2.8,VN,1747521516
409,al minya,28.1099,30.7503,26.8,33,3,12.35,EG,1747521517
410,geraldton,-28.7667,114.6,17.69,44,0,8.31,AU,1747521519
411,bardai,11.65,7.2333,24.92,60,86,2.6,NG,1747521521
412,karwar,14.8,74.1333,28.14,81,82,1.15,IN,1747521522
413,maun,-19.9833,23.4167,16.04,53,2,2.41,BW,1747521523
414,subaykhan,34.8544,40.6083,29.71,17,11,3.03,SY,1747521524
415,kampene,-3.6,26.6667,20.64,92,37,0.67,CD,1747521525
416,itacare,-14.2775,-38.9967,23.44,81,2,4.1,BR,1747521526
417,les anglais,18.3054,-74.2197,25.42,82,34,0.26,HT,1747521527
418,battambang,13.1027,103.1982,26.74,83,87,1.71,KH,1747521528
419,sola,-13.8833,167.55,27.26,82,98,6.36,VU,1747521529
420,sarangani,5.4033,125.4636,25.96,86,100,5.45,PH,1747521531
421,isla vista,34.4133,-119.861,21.44,62,83,2.68,US,1747521533
422,waingapu,-9.6567,120.2641,24.67,82,41,4.79,ID,1747521534
423,gizo,-8.103,156.8419,29.18,75,97,3.4,SB,1747521289
424,ulsteinvik,62.3432,5.8487,10.42,76,70,1.79,NO,1747521536
425,gadani,25.1185,66.7299,27.45,86,16,2.34,PK,1747521537
426,san julian,21.0167,-102.1667,32.33,12,48,2.55,MX,1747521538
427,sona,45.4388,10.8255,15.48,70,7,0.88,IT,1747521539
428,meridian,43.6121,-116.3915,13.03,86,100,1.34,US,1747521394
429,alta,69.9689,23.2717,3.44,74,94,12.96,NO,1747521542
430,al qaryatayn,34.2296,37.2407,25.77,20,24,1.88,SY,1747521543
431,el bauga,18.262,33.9081,32.29,14,0,3.03,SD,1747521544
432,pontianak,-0.0333,109.3333,24.67,95,72,1.57,ID,1747521546
433,kolonia,50.9333,6.95,12.17,76,7,2.94,DE,1747521469
434,anna regina,7.2644,-58.5077,25.4,88,99,4.91,GY,1747521548
435,meadow lake,34.8014,-106.5436,27.16,13,42,4.4,US,1747521549
436,soure,-0.7167,-48.5233,26.84,85,87,4.66,BR,1747521550
437,aden,12.7794,45.0367,29.27,76,33,5.06,YE,1747521552
438,nolinsk,57.5596,49.9363,13.16,78,84,1.88,RU,1747521554
439,salalah,17.0151,54.0924,27.03,65,13,0.5,OM,1747521555
440,mahina,-17.5065,-149.489,29.86,70,100,3.41,PF,1747521556
441,baklan,37.9769,29.6086,14.69,76,70,1.91,TR,1747521557
442,port saint john's,-31.6229,29.5448,20.54,70,96,2.26,ZA,1747521558
443,lerma,42.0261,-3.7598,9.65,66,45,2.32,ES,1747521559
444,tchintabaraden,15.8969,5.7985,30.74,30,55,2.82,NE,1747521560
445,fortuna,40.5982,-124.1573,15.52,71,44,2.24,US,1747521561
446,weno,7.4515,151.8468,28.57,80,78,8.37,FM,1747521502
447,berdigestyakh,62.0989,126.6992,5.88,73,100,4.66,RU,1747521564
448,hasaki,35.7333,140.8333,21.65,90,100,6.23,JP,1747521565
449,hastings,50.8552,0.5729,12.1,86,0,3.32,GB,1747521566
450,bayganin,48.6947,55.8742,13.5,56,2,2.47,KZ,1747521567
451,santa elena de uairen,4.6167,-61.1333,19.59,96,94,1.97,VE,1747521568
452,norilsk,69.3535,88.2027,-2.02,84,11,4.23,RU,1747521569
453,kirakira,-10.4544,161.9205,28.93,77,95,2.06,SB,1747521570
454,montmagny,48.9734,2.3469,14.45,66,47,2.07,FR,1747521571
455,ambovombe,-25.1667,46.0833,21.63,82,0,2.2,MG,1747521572
456,acapulco de juarez,16.8634,-99.8901,27.07,63,0,4.04,MX,1747521480
457,tual,-5.6667,132.75,27.84,80,100,9.12,ID,1747521574
458,xiongzhou,25.1167,114.3,23.88,95,86,1.17,CN,1747521577
459,tumayr,25.7039,45.868,24.84,17,0,4.77,SA,1747521578
460,kristiansund,63.1115,7.732,7.79,87,76,3.28,NO,1747521580
461,taradale,-39.5333,176.85,19.45,65,100,4.47,NZ,1747521581
462,el alto,-4.2714,-81.2147,21.38,80,65,5.33,PE,1747521582
463,alice springs,-23.7,133.8833,11.08,57,0,5.84,AU,1747521575
464,chasong,41.4608,126.6414,6.39,85,21,1.97,KP,1747521585
465,guerrero negro,27.9769,-114.0611,18.74,60,0,8.44,MX,1747521586
466,ialibu,-6.2821,143.9935,17.9,90,98,0.74,PG,1747521587
467,tanuku,16.75,81.7,28.18,82,100,2.6,IN,1747521588
468,humaita,-7.5061,-63.0208,23.46,95,81,1.16,BR,1747521488
469,griffith,41.5284,-87.4237,18.91,52,100,5.52,US,1747521590
470,amahai,-3.3333,128.9167,27.16,86,92,1.11,ID,1747521591
471,lagoa,39.05,-27.9833,16.05,89,58,6.95,PT,1747521592
472,rosarito,32.3333,-117.0333,16.99,75,85,5.17,MX,1747521594
473,kiunga,-6.1219,141.2906,23.89,99,100,1.48,PG,1747521595
474,salumbar,24.1333,74.05,31.98,49,4,2.24,IN,1747521596
475,kapit,2.0167,112.9333,23.41,99,100,0.89,MY,1747521598
476,okahandja,-21.9833,16.9167,18.3,43,61,4.66,NA,1747521599
477,urangan,-25.3,152.9,18.44,88,27,3.15,AU,1747521601
478,ubari,26.5921,12.7805,28.67,23,95,3.75,LY,1747521602
479,anshun,26.25,105.9333,16.13,79,100,2.19,CN,1747521603
480,mezhdurechenskiy,59.6,65.9333,5.44,89,73,3.58,RU,1747521604
481,kirillov,59.863,38.3813,10.21,94,94,0.2,RU,1747521605
482,roccella ionica,38.322,16.4009,15.51,73,2,3.5,IT,1747521606
483,port pirie,-33.1833,138.0167,10.28,54,7,3.76,AU,1747521607
484,santa terezinha,-29.9002,-50.0904,22.26,84,100,4.75,BR,1747521604
485,tumut,-35.3,148.2167,11.38,60,100,1.62,AU,1747521609
486,westport,41.1415,-73.3579,24.59,74,53,0.89,US,1747521341
487,olinda,-8.0089,-34.8553,25.51,85,35,6.0,BR,1747521399
488,tabas,33.5959,56.9244,25.81,19,2,3.66,IR,1747521613
489,cabugao,17.7931,120.4578,30.5,71,54,1.23,PH,1747521614
490,urengoy,65.9667,78.3667,1.05,99,100,2.64,RU,1747521615
491,san pedro pochutla,15.7333,-96.4667,32.62,43,2,3.5,MX,1747521616
492,biankouma,7.7391,-7.6138,21.53,98,100,1.63,CI,1747521617
493,doctor alberto oviedo mota,32.2275,-115.1697,21.11,21,5,8.08,MX,1747521618
494,haiku-pauwela,20.9219,-156.3051,28.45,74,12,14.31,US,1747521619
495,anloga,5.7947,0.8973,27.18,79,98,3.95,GH,1747521620
496,megion,61.0296,76.1136,5.75,87,94,7.31,RU,1747521621
497,yushu,44.8,126.5333,9.37,59,15,5.17,CN,1747521622
498,powell river,49.8496,-124.5361,12.14,83,98,5.16,CA,1747521623
499,shingu,33.7333,135.9833,23.61,89,100,2.87,JP,1747521625
500,juneau,58.3019,-134.4197,6.72,100,100,0.55,US,1747521626
501,al bayda',32.7627,21.7551,12.43,93,7,2.83,LY,1747521627
502,gilgit,35.9221,74.3087,16.51,41,0,2.28,PK,1747521350
503,lihue,21.9789,-159.3672,26.52,81,41,4.8,US,1747521629
504,hilo,19.7297,-155.09,23.86,93,13,6.43,US,1747521458
505,panaba,21.2833,-88.2667,33.45,40,6,6.71,MX,1747521631
506,andalgala,-27.5819,-66.3165,22.33,36,0,4.03,AR,1747521632
507,karasburg,-28.0167,18.75,21.26,39,92,1.77,NA,1747521633
508,at taj,24.2049,23.2857,30.28,25,89,9.85,LY,1747521634
509,lompoc,34.6391,-120.4579,17.51,68,98,5.36,US,1747521635
510,bovril,-31.3431,-59.4451,25.42,64,2,7.22,AR,1747521636
511,san antonio de pale,-1.4014,5.6325,26.3,86,92,3.9,GQ,1747521637
512,jalalaqsi,3.3766,45.5996,25.2,85,79,4.92,SO,1747521638
513,altai,46.3722,96.2583,9.33,64,17,4.42,MN,1747521609
514,parakou,9.3372,2.6303,22.57,90,100,1.8,BJ,1747521640
515,mandera,3.9366,41.867,27.15,66,83,5.77,KE,1747521641
516,usta muhammad,28.1794,68.0445,35.14,25,0,5.81,PK,1747521642
517,bikenibeu village,1.3673,173.1241,27.92,77,13,6.89,KI,1747521644
518,floro,61.5996,5.0328,9.28,84,0,10.39,NO,1747521645
519,havelock,34.8791,-76.9013,28.34,78,95,3.58,US,1747521646
520,osilnica,45.5292,14.6989,9.21,88,64,2.49,HR,1747521648
521,emerald,-23.5333,148.1667,17.41,71,11,4.65,AU,1747521649
522,belyy yar,53.6039,91.3903,10.92,81,100,1.24,RU,1747521651
523,tobruk,32.0836,23.9764,19.27,81,99,3.53,LY,1747521652
524,hammerfest,70.6634,23.6821,2.68,80,81,2.12,NO,1747521653
525,shiyan,32.6475,110.7781,20.47,52,100,0.91,CN,1747521654
526,magadan,59.5667,150.8,5.72,46,19,3.9,RU,1747521656
527,mollerussa,41.6333,0.9,15.26,81,57,1.34,ES,1747521657
528,newman,37.3138,-121.0208,24.47,38,3,4.47,US,1747521658
529,teontepec,18.5,-97.5167,29.2,40,68,3.32,MX,1747521659
530,galle,6.0367,80.217,27.34,84,100,6.26,LK,1747521151
531,dubbo,-32.25,148.6167,13.11,55,0,2.93,AU,1747521409
532,acarau,-2.8856,-40.12,25.35,89,29,5.83,BR,1747521616
533,phan rang-thap cham,11.5667,108.9833,26.2,78,99,1.58,VN,1747521664
534,kavalerovo,44.2661,135.0572,8.35,79,98,6.29,RU,1747521665
535,portrush,55.1959,-6.6493,11.38,62,0,0.15,GB,1747521666
536,bassila,9.0081,1.6654,22.0,97,100,2.65,BJ,1747521667
537,phan thiet,10.9333,108.1,26.96,81,97,2.05,VN,1747521668
538,santiago de cao,-7.9589,-79.2392,20.31,85,77,6.37,PE,1747521669
539,sambava,-14.2667,50.1667,22.7,90,34,4.38,MG,1747521670
540,roma,43.2128,-75.4557,15.94,99,60,5.91,US,1747521672
541,paredon,16.0333,-93.8667,31.12,62,9,4.01,MX,1747521673
542,madimba,-10.4,40.3333,23.73,92,10,4.59,TZ,1747521674
543,kilju,40.9642,129.3278,14.31,39,1,1.15,KP,1747521675
544,cockburn town,21.4612,-71.1419,26.19,75,44,4.62,TC,1747521676
545,tanjung selor,2.8372,117.3642,23.82,97,74,0.68,ID,1747521677
546,phon,15.816,102.5998,27.64,88,100,1.74,TH,1747521678
547,rio grande,-32.035,-52.0986,20.37,83,100,3.47,BR,1747521631
